last_name,first_name,middle_name,suffix,full_name,birthday,gender,type,state,party
Brown,Sherrod,,,Sherrod Brown,1952-11-09,M,sen,OH,Democrat
Cantwell,Maria,,,Maria Cantwell,1958-10-13,F,sen,WA,Democrat
Cardin,Benjamin,L.,,Benjamin L. Cardin,1943-10-05,M,sen,MD,Democrat
Carper,Thomas,Richard,,Thomas R. Carper,1947-01-23,M,sen,DE,Democrat
Casey,Robert,P.,Jr.,"Robert P. Casey, Jr.",1960-04-13,M,sen,PA,Democrat
Feinstein,Dianne,,,Dianne Feinstein,1933-06-22,F,sen,CA,Democrat
Klobuchar,Amy,Jean,,Amy Klobuchar,1960-05-25,F,sen,MN,Democrat
Menendez,Robert,,,Robert Menendez,1954-01-01,M,sen,NJ,Democrat
Sanders,Bernard,,,Bernard Sanders,1941-09-08,M,sen,VT,Independent
Stabenow,Debbie,Ann,,Debbie Stabenow,1950-04-29,F,sen,MI,Democrat
Tester,Jon,,,Jon Tester,1956-08-21,M,sen,MT,Democrat
Whitehouse,Sheldon,,,Sheldon Whitehouse,1955-10-20,M,sen,RI,Democrat
Barrasso,John,A.,,John Barrasso,1952-07-21,M,sen,WY,Republican
Wicker,Roger,F.,,Roger F. Wicker,1951-07-05,M,sen,MS,Republican
Alexander,Lamar,,,Lamar Alexander,1940-07-03,M,sen,TN,Republican
Collins,Susan,M.,,Susan M. Collins,1952-12-07,F,sen,ME,Republican
Cornyn,John,,,John Cornyn,1952-02-02,M,sen,TX,Republican
Durbin,Richard,J.,,Richard J. Durbin,1944-11-21,M,sen,IL,Democrat
Enzi,Michael,B.,,Michael B. Enzi,1944-02-01,M,sen,WY,Republican
Graham,Lindsey,O.,,Lindsey Graham,1955-07-09,M,sen,SC,Republican
Inhofe,James,M.,,James M. Inhofe,1934-11-17,M,sen,OK,Republican
McConnell,Mitch,,,Mitch McConnell,1942-02-20,M,sen,KY,Republican
Merkley,Jeff,,,Jeff Merkley,1956-10-24,M,sen,OR,Democrat
Reed,John,F.,,Jack Reed,1949-11-12,M,sen,RI,Democrat
Risch,James,,,James E. Risch,1943-05-03,M,sen,ID,Republican
Roberts,Pat,,,Pat Roberts,1936-04-20,M,sen,KS,Republican
Shaheen,Jeanne,,,Jeanne Shaheen,1947-01-28,F,sen,NH,Democrat
Udall,Tom,S.,,Tom Udall,1948-05-18,M,sen,NM,Democrat
Warner,Mark,,,Mark R. Warner,1954-12-15,M,sen,VA,Democrat
Gillibrand,Kirsten,E.,,Kirsten E. Gillibrand,1966-12-09,F,sen,NY,Democrat
Coons,Chris,Andrew,,Christopher A. Coons,1963-09-09,M,sen,DE,Democrat
Manchin,Joe,,III,"Joe Manchin, III",1947-08-24,M,sen,WV,Democrat
Aderholt,Robert,B.,,Robert B. Aderholt,1965-07-22,M,rep,AL,Republican
Amash,Justin,,,Justin Amash,1980-04-18,M,rep,MI,Republican
Baldwin,Tammy,,,Tammy Baldwin,1962-02-11,F,sen,WI,Democrat
Bass,Karen,,,Karen Bass,1953-10-03,F,rep,CA,Democrat
Bennet,Michael,F.,,Michael F. Bennet,1964-11-28,M,sen,CO,Democrat
Bilirakis,Gus,M.,,Gus M. Bilirakis,1963-02-08,M,rep,FL,Republican
Bishop,Rob,,,Rob Bishop,1951-07-13,M,rep,UT,Republican
Bishop,Sanford,D.,Jr.,"Sanford D. Bishop, Jr.",1947-02-04,M,rep,GA,Democrat
Blackburn,Marsha,W.,,Marsha Blackburn,1952-06-06,F,sen,TN,Republican
Blumenauer,Earl,,,Earl Blumenauer,1948-08-16,M,rep,OR,Democrat
Blumenthal,Richard,,,Richard Blumenthal,1946-02-13,M,sen,CT,Democrat
Blunt,Roy,,,Roy Blunt,1950-01-10,M,sen,MO,Republican
Boozman,John,,,John Boozman,1950-12-10,M,sen,AR,Republican
Brady,Kevin,P.,,Kevin Brady,1955-04-11,M,rep,TX,Republican
Brooks,Mo,,,Mo Brooks,1954-04-29,M,rep,AL,Republican
Buchanan,Vern,,,Vern Buchanan,1951-05-08,M,rep,FL,Republican
Bucshon,Larry,,,Larry Bucshon,1962-05-31,M,rep,IN,Republican
Burgess,Michael,C.,,Michael C. Burgess,1950-12-23,M,rep,TX,Republican
Burr,Richard,M.,,Richard Burr,1955-11-30,M,sen,NC,Republican
Butterfield,George,Kenneth,Jr.,G. K. Butterfield,1947-04-27,M,rep,NC,Democrat
Calvert,Ken,S.,,Ken Calvert,1953-06-08,M,rep,CA,Republican
Capito,Shelley,Moore,,Shelley Moore Capito,1953-11-26,F,sen,WV,Republican
Carson,André,,,André Carson,1974-10-16,M,rep,IN,Democrat
Carter,John,R.,,John R. Carter,1941-11-06,M,rep,TX,Republican
Cassidy,Bill,,,Bill Cassidy,1957-09-28,M,sen,LA,Republican
Castor,Kathy,,,Kathy Castor,1966-08-20,F,rep,FL,Democrat
Chabot,Steve,J.,,Steve Chabot,1953-01-22,M,rep,OH,Republican
Chu,Judy,M.,,Judy Chu,1953-07-07,F,rep,CA,Democrat
Cicilline,David,N.,,David N. Cicilline,1961-07-15,M,rep,RI,Democrat
Clarke,Yvette,D.,,Yvette D. Clarke,1964-11-21,F,rep,NY,Democrat
Clay,Wm.,Lacy,Jr.,Wm. Lacy Clay,1956-07-27,M,rep,MO,Democrat
Cleaver,Emanuel,,II,Emanuel Cleaver,1944-10-26,M,rep,MO,Democrat
Clyburn,James,E.,,James E. Clyburn,1940-07-21,M,rep,SC,Democrat
Cohen,Steve,,,Steve Cohen,1949-05-24,M,rep,TN,Democrat
Cole,Tom,,,Tom Cole,1949-04-28,M,rep,OK,Republican
Conaway,K.,Michael,,K. Michael Conaway,1948-06-11,M,rep,TX,Republican
Connolly,Gerald,E.,,Gerald E. Connolly,1950-03-30,M,rep,VA,Democrat
Cooper,Jim,,,Jim Cooper,1954-06-19,M,rep,TN,Democrat
Costa,Jim,,,Jim Costa,1952-04-13,M,rep,CA,Democrat
Courtney,Joe,,,Joe Courtney,1953-04-06,M,rep,CT,Democrat
Crapo,Michael,D.,,Mike Crapo,1951-05-20,M,sen,ID,Republican
Crawford,Eric,A.,,"Eric A. ""Rick"" Crawford",1966-01-22,M,rep,AR,Republican
Cuellar,Henry,,,Henry Cuellar,1955-09-19,M,rep,TX,Democrat
Cummings,Elijah,E.,,Elijah E. Cummings,1951-01-18,M,rep,MD,Democrat
Davis,Danny,K.,,Danny K. Davis,1941-09-06,M,rep,IL,Democrat
Davis,Susan,A.,,Susan A. Davis,1944-04-13,F,rep,CA,Democrat
DeFazio,Peter,A.,,Peter A. DeFazio,1947-05-27,M,rep,OR,Democrat
DeGette,Diana,L.,,Diana DeGette,1957-07-29,F,rep,CO,Democrat
DeLauro,Rosa,L.,,Rosa L. DeLauro,1943-03-02,F,rep,CT,Democrat
DesJarlais,Scott,,,Scott DesJarlais,1964-02-21,M,rep,TN,Republican
Deutch,Theodore,E.,,Theodore E. Deutch,1966-05-07,M,rep,FL,Democrat
Diaz-Balart,Mario,,,Mario Diaz-Balart,1961-09-25,M,rep,FL,Republican
Doggett,Lloyd,A.,,Lloyd Doggett,1946-10-06,M,rep,TX,Democrat
Doyle,Michael,F.,Jr.,Michael F. Doyle,1953-08-05,M,rep,PA,Democrat
Duffy,Sean,P.,,Sean P. Duffy,1971-10-03,M,rep,WI,Republican
Duncan,Jeff,,,Jeff Duncan,1966-01-07,M,rep,SC,Republican
Engel,Eliot,L.,,Eliot L. Engel,1947-02-18,M,rep,NY,Democrat
Eshoo,Anna,G.,,Anna G. Eshoo,1942-12-13,F,rep,CA,Democrat
Fleischmann,Charles,J.,,"Charles J. ""Chuck"" Fleischmann",1962-10-11,M,rep,TN,Republican
Flores,Bill,,,Bill Flores,1954-02-25,M,rep,TX,Republican
Fortenberry,Jeff,Lane,,Jeff Fortenberry,1960-12-27,M,rep,NE,Republican
Foxx,Virginia,,,Virginia Foxx,1943-06-29,F,rep,NC,Republican
Fudge,Marcia,L.,,Marcia L. Fudge,1952-10-29,F,rep,OH,Democrat
Garamendi,John,,,John Garamendi,1945-01-24,M,rep,CA,Democrat
Gardner,Cory,,,Cory Gardner,1974-08-22,M,sen,CO,Republican
Gibbs,Bob,,,Bob Gibbs,1954-06-14,M,rep,OH,Republican
Gohmert,Louie,B.,Jr.,Louie Gohmert,1953-08-18,M,rep,TX,Republican
Gosar,Paul,A.,,Paul A. Gosar,1958-11-22,M,rep,AZ,Republican
Granger,Kay,,,Kay Granger,1943-01-18,F,rep,TX,Republican
Grassley,Charles,E.,,Chuck Grassley,1933-09-17,M,sen,IA,Republican
Graves,Sam,B.,,Sam Graves,1963-11-07,M,rep,MO,Republican
Graves,Tom,,,Tom Graves,1970-02-03,M,rep,GA,Republican
Green,Al,,,Al Green,1947-09-01,M,rep,TX,Democrat
Griffith,H.,Morgan,,H. Morgan Griffith,1958-03-15,M,rep,VA,Republican
Grijalva,Raúl,M.,,Raúl M. Grijalva,1948-02-19,M,rep,AZ,Democrat
Guthrie,Brett,,,Brett Guthrie,1964-02-18,M,rep,KY,Republican
Harris,Andy,,,Andy Harris,1957-01-25,M,rep,MD,Republican
Hartzler,Vicky,,,Vicky Hartzler,1960-10-13,F,rep,MO,Republican
Hastings,Alcee,L.,,Alcee L. Hastings,1936-09-05,M,rep,FL,Democrat
Heinrich,Martin,,,Martin Heinrich,1971-10-17,M,sen,NM,Democrat
Herrera Beutler,Jaime,,,Jaime Herrera Beutler,1978-11-03,F,rep,WA,Republican
Higgins,Brian,M.,,Brian Higgins,1959-10-06,M,rep,NY,Democrat
Himes,James,A.,,James A. Himes,1966-07-05,M,rep,CT,Democrat
Hirono,Mazie,K.,,Mazie K. Hirono,1947-11-03,F,sen,HI,Democrat
Hoeven,John,,,John Hoeven,1957-03-13,M,sen,ND,Republican
Hoyer,Steny,H.,,Steny H. Hoyer,1939-06-14,M,rep,MD,Democrat
Huizenga,Bill,,,Bill Huizenga,1969-01-31,M,rep,MI,Republican
Hunter,Duncan,D.,,Duncan Hunter,1976-12-07,M,rep,CA,Republican
Isakson,John,H.,,Johnny Isakson,1944-12-28,M,sen,GA,Republican
Jackson Lee,Sheila,,,Sheila Jackson Lee,1950-01-12,F,rep,TX,Democrat
Johnson,Bill,,,Bill Johnson,1954-11-10,M,rep,OH,Republican
Johnson,Eddie,Bernice,,Eddie Bernice Johnson,1935-12-03,F,rep,TX,Democrat
Johnson,Henry,C.,Jr.,"Henry C. ""Hank"" Johnson, Jr.",1954-10-02,M,rep,GA,Democrat
Johnson,Ron,,,Ron Johnson,1955-04-08,M,sen,WI,Republican
Jordan,Jim,,,Jim Jordan,1964-02-17,M,rep,OH,Republican
Kaptur,Marcy,,,Marcy Kaptur,1946-06-17,F,rep,OH,Democrat
Keating,William,R.,,William R. Keating,1952-09-06,M,rep,MA,Democrat
Kelly,Mike,,,Mike Kelly,1948-05-10,M,rep,PA,Republican
Kind,Ron,James,,Ron Kind,1963-03-16,M,rep,WI,Democrat
King,Peter,T.,,Peter T. King,1944-04-05,M,rep,NY,Republican
King,Steve,A.,,Steve King,1949-05-28,M,rep,IA,Republican
Kinzinger,Adam,,,Adam Kinzinger,1978-02-27,M,rep,IL,Republican
Lamborn,Doug,,,Doug Lamborn,1954-05-24,M,rep,CO,Republican
Langevin,James,R.,,James R. Langevin,1964-04-22,M,rep,RI,Democrat
Lankford,James,,,James Lankford,1968-03-04,M,sen,OK,Republican
Larsen,Rick,,,Rick Larsen,1965-06-15,M,rep,WA,Democrat
Larson,John,B.,,John B. Larson,1948-07-22,M,rep,CT,Democrat
Latta,Robert,E.,,Robert E. Latta,1956-04-18,M,rep,OH,Republican
Leahy,Patrick,J.,,Patrick J. Leahy,1940-03-31,M,sen,VT,Democrat
Lee,Barbara,,,Barbara Lee,1946-07-16,F,rep,CA,Democrat
Lee,Mike,,,Mike Lee,1971-06-04,M,sen,UT,Republican
Lewis,John,R.,,John Lewis,1940-02-21,M,rep,GA,Democrat
Lipinski,Daniel,William,,Daniel Lipinski,1966-07-15,M,rep,IL,Democrat
Loebsack,David,,,David Loebsack,1952-12-23,M,rep,IA,Democrat
Lofgren,Zoe,,,Zoe Lofgren,1947-12-21,F,rep,CA,Democrat
Long,Billy,,,Billy Long,1955-08-11,M,rep,MO,Republican
Lowey,Nita,M.,,Nita M. Lowey,1937-07-05,F,rep,NY,Democrat
Lucas,Frank,D.,,Frank D. Lucas,1960-01-06,M,rep,OK,Republican
Luetkemeyer,Blaine,,,Blaine Luetkemeyer,1952-05-07,M,rep,MO,Republican
Luján,Ben,Ray,,Ben Ray Luján,1972-06-07,M,rep,NM,Democrat
Lynch,Stephen,F.,,Stephen F. Lynch,1955-03-31,M,rep,MA,Democrat
Maloney,Carolyn,B.,,Carolyn B. Maloney,1946-02-19,F,rep,NY,Democrat
Marchant,Kenny,Ewell,,Kenny Marchant,1951-02-23,M,rep,TX,Republican
Markey,Edward,J.,,Edward J. Markey,1946-07-11,M,sen,MA,Democrat
Matsui,Doris,O.,,Doris O. Matsui,1944-09-25,F,rep,CA,Democrat
McCarthy,Kevin,,,Kevin McCarthy,1965-01-26,M,rep,CA,Republican
McCaul,Michael,T.,,Michael T. McCaul,1962-01-14,M,rep,TX,Republican
McClintock,Tom,,,Tom McClintock,1956-07-10,M,rep,CA,Republican
McCollum,Betty,Louise,,Betty McCollum,1954-07-12,F,rep,MN,Democrat
McGovern,James,P.,,James P. McGovern,1959-11-20,M,rep,MA,Democrat
McHenry,Patrick,T.,,Patrick T. McHenry,1975-10-22,M,rep,NC,Republican
McKinley,David,B.,,David B. McKinley,1947-03-28,M,rep,WV,Republican
McMorris Rodgers,Cathy,,,Cathy McMorris Rodgers,1969-05-22,F,rep,WA,Republican
McNerney,Jerry,,,Jerry McNerney,1951-06-18,M,rep,CA,Democrat
Meeks,Gregory,W.,,Gregory W. Meeks,1953-09-25,M,rep,NY,Democrat
Moore,Gwen,,,Gwen Moore,1951-04-18,F,rep,WI,Democrat
Moran,Jerry,,,Jerry Moran,1954-05-29,M,sen,KS,Republican
Murkowski,Lisa,A.,,Lisa Murkowski,1957-05-22,F,sen,AK,Republican
Murphy,Christopher,S.,,Christopher Murphy,1973-08-03,M,sen,CT,Democrat
Murray,Patty,,,Patty Murray,1950-10-11,F,sen,WA,Democrat
Nadler,Jerrold,L.,,Jerrold Nadler,1947-06-13,M,rep,NY,Democrat
Napolitano,Grace,F.,,Grace F. Napolitano,1936-12-04,F,rep,CA,Democrat
Neal,Richard,E.,,Richard E. Neal,1949-02-14,M,rep,MA,Democrat
Norton,Eleanor,Holmes,,Eleanor Holmes Norton,1937-06-13,F,rep,DC,Democrat
Nunes,Devin,G.,,Devin Nunes,1973-10-01,M,rep,CA,Republican
Olson,Pete,,,Pete Olson,1962-12-09,M,rep,TX,Republican
Palazzo,Steven,M.,,Steven M. Palazzo,1970-02-21,M,rep,MS,Republican
Pallone,Frank,J.,Jr.,"Frank Pallone, Jr.",1951-10-30,M,rep,NJ,Democrat
Pascrell,Bill,J.,Jr.,"Bill Pascrell, Jr.",1937-01-25,M,rep,NJ,Democrat
Paul,Rand,,,Rand Paul,1963-01-07,M,sen,KY,Republican
Pelosi,Nancy,,,Nancy Pelosi,1940-03-26,F,rep,CA,Democrat
Perlmutter,Ed,,,Ed Perlmutter,1953-05-01,M,rep,CO,Democrat
Peters,Gary,C.,,Gary C. Peters,1958-12-01,M,sen,MI,Democrat
Peterson,Collin,Clark,,Collin C. Peterson,1944-06-29,M,rep,MN,Democrat
Pingree,Chellie,,,Chellie Pingree,1955-04-02,F,rep,ME,Democrat
Portman,Robert,J.,,Rob Portman,1955-12-19,M,sen,OH,Republican
Posey,Bill,,,Bill Posey,1947-12-18,M,rep,FL,Republican
Price,David,E.,,David E. Price,1940-08-17,M,rep,NC,Democrat
Quigley,Mike,,,Mike Quigley,1958-10-17,M,rep,IL,Democrat
Reed,Tom,W.,II,Tom Reed,1971-11-18,M,rep,NY,Republican
Richmond,Cedric,L.,,Cedric L. Richmond,1973-09-13,M,rep,LA,Democrat
Roby,Martha,,,Martha Roby,1976-07-27,F,rep,AL,Republican
Roe,David,P.,,David P. Roe,1945-07-21,M,rep,TN,Republican
Rogers,Harold,,,Harold Rogers,1937-12-31,M,rep,KY,Republican
Rogers,Mike,,,Mike Rogers,1958-07-16,M,rep,AL,Republican
Roybal-Allard,Lucille,,,Lucille Roybal-Allard,1941-06-12,F,rep,CA,Democrat
Rubio,Marco,,,Marco Rubio,1971-05-28,M,sen,FL,Republican
Ruppersberger,C.,A. Dutch,,C. A. Dutch Ruppersberger,1946-01-31,M,rep,MD,Democrat
Rush,Bobby,L.,,Bobby L. Rush,1946-11-23,M,rep,IL,Democrat
Ryan,Tim,J.,,Tim Ryan,1973-07-16,M,rep,OH,Democrat
Sablan,Gregorio,Kilili Camacho,,Gregorio Kilili Camacho Sablan,1955-01-19,M,rep,MP,Democrat
Sarbanes,John,P.,,John P. Sarbanes,1962-05-22,M,rep,MD,Democrat
Scalise,Steve,Joseph,,Steve Scalise,1965-10-06,M,rep,LA,Republican
Schakowsky,Janice,D.,,Janice D. Schakowsky,1944-05-26,F,rep,IL,Democrat
Schiff,Adam,B.,,Adam B. Schiff,1960-06-22,M,rep,CA,Democrat
Schrader,Kurt,,,Kurt Schrader,1951-10-19,M,rep,OR,Democrat
Schumer,Charles,E.,,Charles E. Schumer,1950-11-23,M,sen,NY,Democrat
Schweikert,David,,,David Schweikert,1962-03-03,M,rep,AZ,Republican
Scott,Austin,,,Austin Scott,1969-12-10,M,rep,GA,Republican
Scott,David,,,David Scott,1945-06-27,M,rep,GA,Democrat
Scott,Robert,C.,,"Robert C. ""Bobby"" Scott",1947-04-30,M,rep,VA,Democrat
Scott,Tim,,,Tim Scott,1965-09-19,M,sen,SC,Republican
Sensenbrenner,F.,James,Jr.,"F. James Sensenbrenner, Jr.",1943-06-14,M,rep,WI,Republican
Serrano,José,E.,,José E. Serrano,1943-10-24,M,rep,NY,Democrat
Sewell,Terri,A.,,Terri A. Sewell,1965-01-01,F,rep,AL,Democrat
Shelby,Richard,C.,,Richard C. Shelby,1934-05-06,M,sen,AL,Republican
Sherman,Brad,J.,,Brad Sherman,1954-10-24,M,rep,CA,Democrat
Shimkus,John,M.,,John Shimkus,1958-02-21,M,rep,IL,Republican
Simpson,Michael,K.,,Michael K. Simpson,1950-09-08,M,rep,ID,Republican
Sires,Albio,,,Albio Sires,1951-01-26,M,rep,NJ,Democrat
Smith,Adam,,,Adam Smith,1965-06-15,M,rep,WA,Democrat
Smith,Adrian,,,Adrian Smith,1970-12-19,M,rep,NE,Republican
Smith,Christopher,H.,,Christopher H. Smith,1953-03-04,M,rep,NJ,Republican
Speier,Jackie,,,Jackie Speier,1950-05-14,F,rep,CA,Democrat
Stivers,Steve,,,Steve Stivers,1965-03-24,M,rep,OH,Republican
Sánchez,Linda,T.,,Linda T. Sánchez,1969-01-28,F,rep,CA,Democrat
Thompson,Bennie,G.,,Bennie G. Thompson,1948-01-28,M,rep,MS,Democrat
Thompson,Mike,Michael,,Mike Thompson,1951-01-24,M,rep,CA,Democrat
Thompson,Glenn,,,Glenn Thompson,1959-07-27,M,rep,PA,Republican
Thornberry,Mac,M.,,Mac Thornberry,1958-07-15,M,rep,TX,Republican
Thune,John,,,John Thune,1961-01-07,M,sen,SD,Republican
Tipton,Scott,R.,,Scott R. Tipton,1956-11-09,M,rep,CO,Republican
Tonko,Paul,,,Paul Tonko,1949-06-18,M,rep,NY,Democrat
Toomey,Patrick,J.,,Patrick J. Toomey,1961-11-17,M,sen,PA,Republican
Turner,Michael,R.,,Michael R. Turner,1960-01-11,M,rep,OH,Republican
Upton,Fred,Stephen,,Fred Upton,1953-04-23,M,rep,MI,Republican
Van Hollen,Chris,,Jr.,Chris Van Hollen,1959-01-10,M,sen,MD,Democrat
Velázquez,Nydia,M.,,Nydia M. Velázquez,1953-03-28,F,rep,NY,Democrat
Visclosky,Peter,J.,,Peter J. Visclosky,1949-08-13,M,rep,IN,Democrat
Walberg,Tim,,,Tim Walberg,1951-04-12,M,rep,MI,Republican
Walden,Greg,P.,,Greg Walden,1957-01-10,M,rep,OR,Republican
Wasserman Schultz,Debbie,,,Debbie Wasserman Schultz,1966-09-27,F,rep,FL,Democrat
Waters,Maxine,,,Maxine Waters,1938-08-15,F,rep,CA,Democrat
Webster,Daniel,,,Daniel Webster,1949-04-27,M,rep,FL,Republican
Welch,Peter,,,Peter Welch,1947-05-02,M,rep,VT,Democrat
Wilson,Joe,G.,,Joe Wilson,1947-07-31,M,rep,SC,Republican
Wilson,Frederica,S.,,Frederica S. Wilson,1942-11-05,F,rep,FL,Democrat
Wittman,Robert,J.,,Robert J. Wittman,1959-02-03,M,rep,VA,Republican
Womack,Steve,,,Steve Womack,1957-02-18,M,rep,AR,Republican
Woodall,Rob,,,Rob Woodall,1970-02-11,M,rep,GA,Republican
Wyden,Ron,,,Ron Wyden,1949-05-03,M,sen,OR,Democrat
Yarmuth,John,A.,,John A. Yarmuth,1947-11-04,M,rep,KY,Democrat
Young,Don,E.,,Don Young,1933-06-09,M,rep,AK,Republican
Young,Todd,C.,,Todd Young,1972-08-24,M,sen,IN,Republican
Amodei,Mark,E.,,Mark E. Amodei,1958-06-12,M,rep,NV,Republican
Bonamici,Suzanne,,,Suzanne Bonamici,1954-10-14,F,rep,OR,Democrat
DelBene,Suzan,K.,,Suzan K. DelBene,1962-02-17,F,rep,WA,Democrat
Massie,Thomas,,,Thomas Massie,1971-01-13,M,rep,KY,Republican
Payne,Donald,M.,Jr.,"Donald M. Payne, Jr.",1958-12-17,M,rep,NJ,Democrat
Schatz,Brian,Emanuel,,Brian Schatz,1972-10-20,M,sen,HI,Democrat
Foster,Bill,,,Bill Foster,1955-10-07,M,rep,IL,Democrat
Titus,Dina,,,Dina Titus,1950-05-23,F,rep,NV,Democrat
Cotton,Tom,,,Tom Cotton,1977-05-13,M,sen,AR,Republican
Sinema,Kyrsten,,,Kyrsten Sinema,1976-07-12,F,sen,AZ,Democrat
LaMalfa,Doug,,,Doug LaMalfa,1960-07-02,M,rep,CA,Republican
Huffman,Jared,,,Jared Huffman,1964-02-18,M,rep,CA,Democrat
Bera,Ami,,,Ami Bera,1965-03-02,M,rep,CA,Democrat
Cook,Paul,,,Paul Cook,1943-03-03,M,rep,CA,Republican
Swalwell,Eric,,,Eric Swalwell,1980-11-16,M,rep,CA,Democrat
Brownley,Julia,,,Julia Brownley,1952-08-28,F,rep,CA,Democrat
Cárdenas,Tony,,,Tony Cárdenas,1963-03-31,M,rep,CA,Democrat
Ruiz,Raul,,,Raul Ruiz,1972-08-25,M,rep,CA,Democrat
Takano,Mark,,,Mark Takano,1960-12-10,M,rep,CA,Democrat
Lowenthal,Alan,S.,,Alan S. Lowenthal,1941-03-08,M,rep,CA,Democrat
Vargas,Juan,,,Juan Vargas,1961-03-07,M,rep,CA,Democrat
Peters,Scott,H.,,Scott H. Peters,1958-06-17,M,rep,CA,Democrat
Yoho,Ted,S.,,Ted S. Yoho,1955-04-13,M,rep,FL,Republican
Frankel,Lois,,,Lois Frankel,1948-05-16,F,rep,FL,Democrat
Collins,Doug,,,Doug Collins,1966-08-16,M,rep,GA,Republican
Gabbard,Tulsi,,,Tulsi Gabbard,1981-04-12,F,rep,HI,Democrat
Duckworth,Tammy,,,Tammy Duckworth,1968-03-12,F,sen,IL,Democrat
Davis,Rodney,,,Rodney Davis,1970-01-05,M,rep,IL,Republican
Bustos,Cheri,,,Cheri Bustos,1961-10-17,F,rep,IL,Democrat
Walorski,Jackie,,,Jackie Walorski,1963-08-17,F,rep,IN,Republican
Brooks,Susan,W.,,Susan W. Brooks,1960-08-25,F,rep,IN,Republican
Barr,Garland,,,Andy Barr,1973-07-24,M,rep,KY,Republican
Warren,Elizabeth,,,Elizabeth Warren,1949-06-22,F,sen,MA,Democrat
Kennedy,Joseph,P.,III,Joseph P. Kennedy III,1980-10-04,M,rep,MA,Democrat
King,Angus,,,"Angus S. King, Jr.",1944-03-31,M,sen,ME,Independent
Kildee,Daniel,T.,,Daniel T. Kildee,1958-08-11,M,rep,MI,Democrat
Wagner,Ann,,,Ann Wagner,1962-09-13,F,rep,MO,Republican
Daines,Steve,,,Steve Daines,1962-08-20,M,sen,MT,Republican
Hudson,Richard,,,Richard Hudson,1971-11-04,M,rep,NC,Republican
Meadows,Mark,,,Mark Meadows,1959-07-28,M,rep,NC,Republican
Holding,George,,,George Holding,1968-04-17,M,rep,NC,Republican
Cramer,Kevin,,,Kevin Cramer,1961-01-21,M,sen,ND,Republican
Fischer,Deb,,,Deb Fischer,1951-03-01,F,sen,NE,Republican
Kuster,Ann,M.,,Ann M. Kuster,1956-09-05,F,rep,NH,Democrat
Meng,Grace,,,Grace Meng,1975-10-01,F,rep,NY,Democrat
Jeffries,Hakeem,S.,,Hakeem S. Jeffries,1970-08-04,M,rep,NY,Democrat
Maloney,Sean,Patrick,,Sean Patrick Maloney,1966-07-30,M,rep,NY,Democrat
Collins,Chris,,,Chris Collins,1950-05-20,M,rep,NY,Republican
Wenstrup,Brad,R.,,Brad R. Wenstrup,1958-06-17,M,rep,OH,Republican
Beatty,Joyce,,,Joyce Beatty,1950-03-12,F,rep,OH,Democrat
Joyce,David,P.,,David P. Joyce,1957-03-17,M,rep,OH,Republican
Mullin,Markwayne,,,Markwayne Mullin,1977-07-26,M,rep,OK,Republican
Perry,Scott,,,Scott Perry,1962-05-27,M,rep,PA,Republican
Cartwright,Matthew,A.,,Matt Cartwright,1961-05-01,M,rep,PA,Democrat
Rice,Tom,,,Tom Rice,1957-08-04,M,rep,SC,Republican
Cruz,Ted,,,Ted Cruz,1970-12-22,M,sen,TX,Republican
Weber,Randy,K.,,"Randy K. Weber, Sr.",1953-07-02,M,rep,TX,Republican
Castro,Joaquin,,,Joaquin Castro,1974-09-16,M,rep,TX,Democrat
Williams,Roger,,,Roger Williams,1949-09-13,M,rep,TX,Republican
Veasey,Marc,A.,,Marc A. Veasey,1971-01-03,M,rep,TX,Democrat
Vela,Filemon,,,Filemon Vela,1963-02-13,M,rep,TX,Democrat
Stewart,Chris,,,Chris Stewart,1960-07-15,M,rep,UT,Republican
Kaine,Timothy,,,Tim Kaine,1958-02-26,M,sen,VA,Democrat
Kilmer,Derek,,,Derek Kilmer,1974-01-01,M,rep,WA,Democrat
Heck,Denny,,,Denny Heck,1952-07-29,M,rep,WA,Democrat
Pocan,Mark,,,Mark Pocan,1964-08-14,M,rep,WI,Democrat
Kelly,Robin,,,Robin L. Kelly,1956-04-30,F,rep,IL,Democrat
Smith,Jason,T.,,Jason Smith,1980-06-16,M,rep,MO,Republican
Booker,Cory,Anthony,,Cory A. Booker,1969-04-27,M,sen,NJ,Democrat
Clark,Katherine,M.,,Katherine M. Clark,1963-07-17,F,rep,MA,Democrat
Byrne,Bradley,,,Bradley Byrne,1955-02-16,M,rep,AL,Republican
Norcross,Donald,W.,,Donald Norcross,1958-12-13,M,rep,NJ,Democrat
Adams,Alma,,,Alma S. Adams,1946-05-27,F,rep,NC,Democrat
Palmer,Gary,,,Gary J. Palmer,1954-05-14,M,rep,AL,Republican
Hill,French,,,J. French Hill,1956-12-05,M,rep,AR,Republican
Westerman,Bruce,,,Bruce Westerman,1967-11-18,M,rep,AR,Republican
Gallego,Ruben,,,Ruben Gallego,1979-11-20,M,rep,AZ,Democrat
DeSaulnier,Mark,,,Mark DeSaulnier,1952-03-31,M,rep,CA,Democrat
Aguilar,Pete,,,Pete Aguilar,1979-06-19,M,rep,CA,Democrat
Lieu,Ted,,,Ted Lieu,1969-03-29,M,rep,CA,Democrat
Torres,Norma,,,Norma J. Torres,1965-04-04,F,rep,CA,Democrat
Buck,Ken,,,Ken Buck,1959-02-16,M,rep,CO,Republican
Carter,Buddy,,,"Earl L. ""Buddy"" Carter",1957-09-06,M,rep,GA,Republican
Hice,Jody,,,Jody B. Hice,1960-04-22,M,rep,GA,Republican
Loudermilk,Barry,,,Barry Loudermilk,1963-12-22,M,rep,GA,Republican
Allen,Rick,,,Rick W. Allen,1951-11-07,M,rep,GA,Republican
Bost,Mike,,,Mike Bost,1960-12-30,M,rep,IL,Republican
Abraham,Ralph,,,Ralph Lee Abraham,1954-09-16,M,rep,LA,Republican
Graves,Garret,,,Garret Graves,1972-01-31,M,rep,LA,Republican
Moulton,Seth,,,Seth Moulton,1978-10-24,M,rep,MA,Democrat
Moolenaar,John,,,John R. Moolenaar,1961-05-08,M,rep,MI,Republican
Dingell,Debbie,,,Debbie Dingell,1953-11-23,F,rep,MI,Democrat
Lawrence,Brenda,,,Brenda L. Lawrence,1954-10-18,F,rep,MI,Democrat
Emmer,Tom,,,Tom Emmer,1961-03-03,M,rep,MN,Republican
Rouzer,David,,,David Rouzer,1972-02-16,M,rep,NC,Republican
Watson Coleman,Bonnie,,,Bonnie Watson Coleman,1945-02-06,F,rep,NJ,Democrat
Zeldin,Lee,,,Lee M. Zeldin,1980-01-30,M,rep,NY,Republican
Rice,Kathleen,,,Kathleen M. Rice,1965-02-15,F,rep,NY,Democrat
Stefanik,Elise,,,Elise M. Stefanik,1984-07-02,F,rep,NY,Republican
Katko,John,,,John Katko,1962-11-09,M,rep,NY,Republican
Boyle,Brendan,,,Brendan F. Boyle,1977-02-06,M,rep,PA,Democrat
Ratcliffe,John,,,John Ratcliffe,1965-10-20,M,rep,TX,Republican
Hurd,Will,,,Will Hurd,1977-08-19,M,rep,TX,Republican
Babin,Brian,,,Brian Babin,1948-03-23,M,rep,TX,Republican
Beyer,Donald,,,"Donald S. Beyer, Jr.",1950-06-20,M,rep,VA,Democrat
Plaskett,Stacey,,,Stacey E. Plaskett,1966-05-13,F,rep,VI,Democrat
Newhouse,Dan,,,Dan Newhouse,1955-07-10,M,rep,WA,Republican
Grothman,Glenn,,,Glenn Grothman,1955-07-03,M,rep,WI,Republican
Mooney,Alex,,,Alexander X. Mooney,1971-06-05,M,rep,WV,Republican
Amata,Aumua,,,Aumua Amata Coleman Radewagen,1947-12-29,F,rep,AS,Republican
Sullivan,Dan,,,Dan Sullivan,1964-11-13,M,sen,AK,Republican
Perdue,David,,,David Perdue,1949-12-10,M,sen,GA,Republican
Ernst,Joni,,,Joni Ernst,1970-07-01,F,sen,IA,Republican
Tillis,Thom,,,Thom Tillis,1960-08-30,M,sen,NC,Republican
Rounds,Mike,,,Mike Rounds,1954-10-24,M,sen,SD,Republican
Walker,Mark,,,Mark Walker,1969-05-20,M,rep,NC,Republican
Sasse,Benjamin,Eric,,Ben Sasse,1972-02-22,M,sen,NE,Republican
Kelly,Trent,,,Trent Kelly,1966-03-01,M,rep,MS,Republican
LaHood,Darin,,,Darin LaHood,1968-07-05,M,rep,IL,Republican
Davidson,Warren,,,Warren Davidson,1970-03-01,M,rep,OH,Republican
Comer,James,,,James Comer,1972-08-19,M,rep,KY,Republican
Evans,Dwight,,,Dwight Evans,1954-05-16,M,rep,PA,Democrat
Harris,Kamala,,,Kamala D. Harris,1964-10-20,F,sen,CA,Democrat
Kennedy,John,Neely,,John Kennedy,1951-11-21,M,sen,LA,Republican
Hassan,Margaret,Wood,,Margaret Wood Hassan,1958-02-27,F,sen,NH,Democrat
Cortez Masto,Catherine,,,Catherine Cortez Masto,1964-03-29,F,sen,NV,Democrat
Schneider,Bradley,S.,,Bradley Scott Schneider,1961-08-20,M,rep,IL,Democrat
O’Halleran,Tom,,,Tom O’Halleran,1946-01-24,M,rep,AZ,Democrat
Biggs,Andy,,,Andy Biggs,1958-11-07,M,rep,AZ,Republican
Khanna,Ro,,,Ro Khanna,1976-09-13,M,rep,CA,Democrat
Panetta,Jimmy,,,Jimmy Panetta,1969-10-01,M,rep,CA,Democrat
Carbajal,Salud,,,Salud O. Carbajal,1964-11-18,M,rep,CA,Democrat
Barragán,Nanette,,,Nanette Diaz Barragán,1976-09-15,F,rep,CA,Democrat
Correa,J.,Luis,,J. Luis Correa,1958-01-24,M,rep,CA,Democrat
Blunt Rochester,Lisa,,,Lisa Blunt Rochester,1962-02-10,F,rep,DE,Democrat
Gaetz,Matt,,,Matt Gaetz,1982-05-07,M,rep,FL,Republican
Dunn,Neal,,,Neal P. Dunn,1953-02-16,M,rep,FL,Republican
Rutherford,John,,,John H. Rutherford,1952-09-02,M,rep,FL,Republican
Lawson,Al,,,"Al Lawson, Jr.",1948-09-23,M,rep,FL,Democrat
Murphy,Stephanie,,,Stephanie N. Murphy,1978-09-16,F,rep,FL,Democrat
Soto,Darren,,,Darren Soto,1978-02-25,M,rep,FL,Democrat
Demings,Val,,,Val Butler Demings,1957-03-12,F,rep,FL,Democrat
Crist,Charlie,,,Charlie Crist,1956-07-24,M,rep,FL,Democrat
Mast,Brian,,,Brian J. Mast,1980-07-10,M,rep,FL,Republican
Rooney,Francis,,,Francis Rooney,1953-12-04,M,rep,FL,Republican
Ferguson,A.,Drew,IV,A. Drew Ferguson IV,1966-11-15,M,rep,GA,Republican
Krishnamoorthi,Raja,,,Raja Krishnamoorthi,1973-07-19,M,rep,IL,Democrat
Banks,Jim,,,Jim Banks,1979-07-16,M,rep,IN,Republican
Hollingsworth,Trey,,,Trey Hollingsworth,1983-09-12,M,rep,IN,Republican
Marshall,Roger,,,Roger W. Marshall,1960-08-09,M,rep,KS,Republican
Higgins,Clay,,,Clay Higgins,1961-08-24,M,rep,LA,Republican
Johnson,Mike,,,Mike Johnson,1972-01-30,M,rep,LA,Republican
Brown,Anthony,,,Anthony G. Brown,1961-11-21,M,rep,MD,Democrat
Raskin,Jamie,,,Jamie Raskin,1962-12-13,M,rep,MD,Democrat
Bergman,Jack,,,Jack Bergman,1947-02-02,M,rep,MI,Republican
Mitchell,Paul,,,Paul Mitchell,1961-05-08,M,rep,MI,Republican
Budd,Ted,,,Ted Budd,1971-10-21,M,rep,NC,Republican
Bacon,Don,,,Don Bacon,1963-08-16,M,rep,NE,Republican
Gottheimer,Josh,,,Josh Gottheimer,1975-03-08,M,rep,NJ,Democrat
Rosen,Jacky,,,Jacky Rosen,1957-08-02,F,sen,NV,Democrat
Suozzi,Thomas,,,Thomas R. Suozzi,1962-08-31,M,rep,NY,Democrat
Espaillat,Adriano,,,Adriano Espaillat,1954-09-27,M,rep,NY,Democrat
Fitzpatrick,Brian,,,Brian K. Fitzpatrick,1973-12-17,M,rep,PA,Republican
Smucker,Lloyd,,,Lloyd Smucker,1964-01-23,M,rep,PA,Republican
González-Colón,Jenniffer,,,Jenniffer González-Colón,1976-08-05,F,rep,PR,Republican
Kustoff,David,,,David Kustoff,1966-10-08,M,rep,TN,Republican
Gonzalez,Vicente,,,Vicente Gonzalez,1967-09-04,M,rep,TX,Democrat
Arrington,Jodey,,,Jodey C. Arrington,1972-03-09,M,rep,TX,Republican
McEachin,A.,Donald,,A. Donald McEachin,1961-10-10,M,rep,VA,Democrat
Jayapal,Pramila,,,Pramila Jayapal,1965-09-21,F,rep,WA,Democrat
Gallagher,Mike,,,Mike Gallagher,1984-03-03,M,rep,WI,Republican
Cheney,Liz,,,Liz Cheney,1966-07-28,F,rep,WY,Republican
Estes,Ron,,,Ron Estes,1956-07-19,M,rep,KS,Republican
Gianforte,Greg,,,Greg Gianforte,1961-04-17,M,rep,MT,Republican
Norman,Ralph,,Jr.,Ralph Norman,1953-06-20,M,rep,SC,Republican
Gomez,Jimmy,,,Jimmy Gomez,1974-11-25,M,rep,CA,Democrat
Curtis,John,,,John R. Curtis,1960-05-10,M,rep,UT,Republican
Jones,Doug,,,Doug Jones,1954-05-04,M,sen,AL,Democrat
Smith,Tina,Flint,,Tina Smith,1958-03-04,F,sen,MN,Democrat
Hyde-Smith,Cindy,,,Cindy Hyde-Smith,1959-05-10,F,sen,MS,Republican
Lamb,Conor,,,Conor Lamb,1984-06-27,M,rep,PA,Democrat
Lesko,Debbie,,,Debbie Lesko,1958-11-14,F,rep,AZ,Republican
Cloud,Michael,,,Michael Cloud,1975-05-13,M,rep,TX,Republican
Balderson,Troy,,,Troy Balderson,1962-01-16,M,rep,OH,Republican
Hern,Kevin,R.,,Kevin Hern,1961-12-04,M,rep,OK,Republican
Morelle,Joseph,D.,,Joseph D. Morelle,1957-04-29,M,rep,NY,Democrat
Scanlon,Mary,Gay,,Mary Gay Scanlon,1959-08-30,F,rep,PA,Democrat
Wild,Susan,Ellis,,Susan Wild,1957-06-07,F,rep,PA,Democrat
Case,Ed,,,Ed Case,1952-09-27,M,rep,HI,Democrat
Horsford,Steven,A.,,Steven Horsford,1973-04-29,M,rep,NV,Democrat
Kirkpatrick,Ann,,,Ann Kirkpatrick,1950-03-24,F,rep,AZ,Democrat
Stanton,Greg,,,Greg Stanton,1970-03-08,M,rep,AZ,Democrat
Harder,Josh,,,Josh Harder,1986-08-01,M,rep,CA,Democrat
Cox,TJ,,,TJ Cox,1963-07-18,M,rep,CA,Democrat
Hill,Katie,,,Katie Hill,1987-08-25,F,rep,CA,Democrat
Cisneros,Gilbert,Ray,,"Gilbert Ray Cisneros, Jr.",1971-02-12,M,rep,CA,Democrat
Porter,Katie,,,Katie Porter,1974-01-03,F,rep,CA,Democrat
Rouda,Harley,,,Harley Rouda,1961-12-10,M,rep,CA,Democrat
Levin,Mike,,,Mike Levin,1978-10-28,M,rep,CA,Democrat
Neguse,Joe,,,Joe Neguse,1984-05-13,M,rep,CO,Democrat
Crow,Jason,,,Jason Crow,1979-03-15,M,rep,CO,Democrat
Hayes,Jahana,,,Jahana Hayes,1973-03-08,F,rep,CT,Democrat
Waltz,Michael,,,Michael Waltz,1974-01-31,M,rep,FL,Republican
Spano,Ross,,,Ross Spano,1966-07-16,M,rep,FL,Republican
Steube,W.,Gregory,,W. Gregory Steube,1978-05-19,M,rep,FL,Republican
Mucarsel-Powell,Debbie,,,Debbie Mucarsel-Powell,1971-01-18,F,rep,FL,Democrat
Shalala,Donna,E.,,Donna E. Shalala,1941-02-14,F,rep,FL,Democrat
McBath,Lucy,,,Lucy McBath,1960-06-01,F,rep,GA,Democrat
San Nicolas,Michael,F. Q.,,Michael F. Q. San Nicolas,1981-01-30,M,rep,GU,Democrat
Finkenauer,Abby,,,Abby Finkenauer,1988-12-27,F,rep,IA,Democrat
Axne,Cynthia,,,Cynthia Axne,1965-04-20,F,rep,IA,Democrat
Fulcher,Russ,,,Russ Fulcher,1973-07-19,M,rep,ID,Republican
García,Jesús,G.,,"Jesús G. ""Chuy"" García",1956-04-12,M,rep,IL,Democrat
Casten,Sean,,,Sean Casten,1971-11-23,M,rep,IL,Democrat
Underwood,Lauren,,,Lauren Underwood,1986-10-04,F,rep,IL,Democrat
Baird,James,R.,,James R. Baird,1945-06-04,M,rep,IN,Republican
Pence,Greg,,,Greg Pence,1956-11-14,M,rep,IN,Republican
Watkins,Steven,C.,,Steve Watkins,1976-09-18,M,rep,KS,Republican
Davids,Sharice,,,Sharice Davids,1980-05-22,F,rep,KS,Democrat
Trahan,Lori,,,Lori Trahan,1973-10-27,F,rep,MA,Democrat
Pressley,Ayanna,,,Ayanna Pressley,1974-02-03,F,rep,MA,Democrat
Trone,David,J.,,David J. Trone,1955-09-21,M,rep,MD,Democrat
Slotkin,Elissa,,,Elissa Slotkin,1976-07-10,F,rep,MI,Democrat
Levin,Andy,,,Andy Levin,1960-08-01,M,rep,MI,Democrat
Stevens,Haley,M.,,Haley M. Stevens,1983-06-01,F,rep,MI,Democrat
Tlaib,Rashida,,,Rashida Tlaib,1976-07-24,F,rep,MI,Democrat
Hagedorn,Jim,,,Jim Hagedorn,1962-08-04,M,rep,MN,Republican
Craig,Angie,,,Angie Craig,1972-02-14,F,rep,MN,Democrat
Phillips,Dean,,,Dean Phillips,1969-01-20,M,rep,MN,Democrat
Omar,Ilhan,,,Ilhan Omar,1981-10-04,F,rep,MN,Democrat
Stauber,Pete,,,Pete Stauber,1966-05-10,M,rep,MN,Republican
Guest,Michael,,,Michael Guest,1970-02-04,M,rep,MS,Republican
Armstrong,Kelly,,,Kelly Armstrong,1976-10-08,M,rep,ND,Republican
Pappas,Chris,,,Chris Pappas,1980-06-04,M,rep,NH,Democrat
Van Drew,Jefferson,,,Jefferson Van Drew,1953-02-23,M,rep,NJ,Democrat
Kim,Andy,,,Andy Kim,1982-07-12,M,rep,NJ,Democrat
Malinowski,Tom,,,Tom Malinowski,1965-09-23,M,rep,NJ,Democrat
Sherrill,Mikie,,,Mikie Sherrill,1972-01-19,F,rep,NJ,Democrat
Haaland,Debra,A.,,Debra A. Haaland,1960-12-02,F,rep,NM,Democrat
Torres Small,Xochitl,,,Xochitl Torres Small,1984-11-15,F,rep,NM,Democrat
Lee,Susie,,,Susie Lee,1966-11-07,F,rep,NV,Democrat
Rose,Max,,,Max Rose,1986-11-28,M,rep,NY,Democrat
Ocasio-Cortez,Alexandria,,,Alexandria Ocasio-Cortez,1989-10-13,F,rep,NY,Democrat
Delgado,Antonio,,,Antonio Delgado,1977-01-19,M,rep,NY,Democrat
Brindisi,Anthony,,,Anthony Brindisi,1978-11-22,M,rep,NY,Democrat
Gonzalez,Anthony,,,Anthony Gonzalez,1984-09-19,M,rep,OH,Republican
Horn,Kendra,S.,,Kendra S. Horn,1976-06-09,F,rep,OK,Democrat
Dean,Madeleine,,,Madeleine Dean,1959-06-06,F,rep,PA,Democrat
Houlahan,Chrissy,,,Chrissy Houlahan,1967-06-05,F,rep,PA,Democrat
Meuser,Daniel,,,Daniel Meuser,1964-02-10,M,rep,PA,Republican
Joyce,John,,,John Joyce,1957-02-08,M,rep,PA,Republican
Reschenthaler,Guy,,,Guy Reschenthaler,1983-04-17,M,rep,PA,Republican
Cunningham,Joe,,,Joe Cunningham,1982-05-26,M,rep,SC,Democrat
Timmons,William,R.,,William R. Timmons IV,1984-04-30,M,rep,SC,Republican
Johnson,Dusty,,,Dusty Johnson,1976-09-30,M,rep,SD,Republican
Burchett,Tim,,,Tim Burchett,1964-08-25,M,rep,TN,Republican
Rose,John,W.,,John W. Rose,1965-02-23,M,rep,TN,Republican
Green,Mark,E.,,Mark E. Green,1964-11-08,M,rep,TN,Republican
Crenshaw,Dan,,,Dan Crenshaw,1984-03-14,M,rep,TX,Republican
Taylor,Van,,,Van Taylor,1972-08-01,M,rep,TX,Republican
Gooden,Lance,,,Lance Gooden,1982-12-01,M,rep,TX,Republican
Wright,Ron,,,Ron Wright,1953-04-08,M,rep,TX,Republican
Fletcher,Lizzie,,,Lizzie Fletcher,1975-02-13,F,rep,TX,Democrat
Escobar,Veronica,,,Veronica Escobar,1969-09-15,F,rep,TX,Democrat
Roy,Chip,,,Chip Roy,1972-08-07,M,rep,TX,Republican
Garcia,Sylvia,R.,,Sylvia R. Garcia,1950-09-06,F,rep,TX,Democrat
Allred,Colin,Z.,,Colin Z. Allred,1983-04-15,M,rep,TX,Democrat
McAdams,Ben,,,Ben McAdams,1974-12-05,M,rep,UT,Democrat
Luria,Elaine,G.,,Elaine G. Luria,1975-08-15,F,rep,VA,Democrat
Riggleman,Denver,,,Denver Riggleman,1970-03-01,M,rep,VA,Republican
Cline,Ben,,,Ben Cline,1972-02-29,M,rep,VA,Republican
Spanberger,Abigail,Davis,,Abigail Davis Spanberger,1979-08-07,F,rep,VA,Democrat
Wexton,Jennifer,,,Jennifer Wexton,1968-05-27,F,rep,VA,Democrat
Schrier,Kim,,,Kim Schrier,1968-08-23,F,rep,WA,Democrat
Steil,Bryan,,,Bryan Steil,1981-03-30,M,rep,WI,Republican
Miller,Carol,D.,,Carol D. Miller,1950-11-04,F,rep,WV,Republican
Scott,Rick,,,Rick Scott,1952-12-01,M,sen,FL,Republican
Braun,Mike,,,Mike Braun,1954-03-24,M,sen,IN,Republican
Hawley,Joshua,,,Josh Hawley,1979-12-31,M,sen,MO,Republican
Romney,Mitt,,,Mitt Romney,1947-03-12,M,sen,UT,Republican
McSally,Martha,,,Martha McSally,1966-03-22,F,sen,AZ,Republican
Golden,Jared,Forrest,,Jared F. Golden,1982-07-25,M,rep,ME,Democrat
